,Name,Gender,Lead_Name,Technology,Lab,Company
0,Chitta,M,Dilip,Python,Bangalore,Capgemini
1,Ajatashatru,M,Sudhakar,Automation,Mumbai,SnapDeal
2,Jyotishmati,F,Dilip,NodeJs,Bangalore,BridgeIT
3,Sadiqua,F,Aniket,Java,Mumbai,StreamMatrix
4,Daamodarah,M,Ashish,IOS,Bangalore,Happye
5,Akroor,M,Jasprit,Java,Mumbai,Capgemini
6,Aagney,M,Jasprit,Java,Mumbai,Hashtag Loyalty
7,Kalika,F,Ashish,IOS,Mumbai,Mphasis
8,Abhyagni,M,Aniket,Java,Mumbai,Happye
9,Devangana,F,Dilip,NodeJs,Bangalore,Yatra
10,Dwijesh,M,Ashish,IOS,Bangalore,Capgemini
11,Intekhab,M,Dilip,Python,Mumbai,Yatra
12,Rupashri,F,Dilip,NodeJs,Bangalore,StreamMatrix
13,Salila,F,Vivek,DevOps,Bangalore,StreamMatrix
14,Joel,F,Aniket,Java,Bangalore,Happye
15,Amlankusum,M,Shweta,Java,Bangalore,StreamMatrix
16,Sananda,F,Aniket,Java,Mumbai,Happye
17,Ishan,M,Dilip,NodeJs,Mumbai,Yatra
18,Anal,M,Dilip,Python,Mumbai,StreamMatrix
19,Kadambari,F,Sunil,Java,Mumbai,Happye
20,Devasree,F,Shweta,NodeJs,Bangalore,EasyRewards
21,Amrit,M,Jasprit,Java,Mumbai,DemandMatrix
22,Alagan,M,Aniket,Java,Bangalore,StreamMatrix
23,Abhisumat,M,Vivek,DevOps,Mumbai,EasyRewards
24,Adalarasu,M,Dilip,Python,Mumbai,Happye
25,Adhikara,M,Aniket,Java,Mumbai,Mphasis
26,Adil,M,Vivek,DevOps,Mumbai,Happye
27,Ajinkya,M,Aniket,Java,Mumbai,Capgemini
28,Akalmash,M,Shweta,Java,Bangalore,Mphasis
29,Kala,F,Shweta,Java,Mumbai,Happye
30,Abhirup,M,Dilip,Python,Mumbai,Capgemini
31,Dwaipayan,M,Ashish,IOS,Bangalore,Mphasis
32,Devika,F,Dilip,NodeJs,Bangalore,Yatra
33,Jagannatha,M,Jasprit,Java,Bangalore,Happye
34,Saeeda,F,Sunil,Java,Bangalore,Niyo Solutions
35,Amoha,M,Vivek,DevOps,Mumbai,DemandMatrix
36,Aashish,M,Shweta,NodeJs,Bangalore,Capgemini
37,Adit,M,Shweta,Java,Mumbai,SnapDeal
38,Jyoti,F,Vivek,DevOps,Mumbai,Capgemini
39,Abhivira,M,Dilip,NodeJs,Bangalore,StreamMatrix
40,Kailash,F,Dilip,NodeJs,Mumbai,Hashtag Loyalty
41,Deeptikana,F,Aniket,Java,Bangalore,Yatra
42,Aamod,M,Sunil,Java,Mumbai,Capgemini
43,Kalavati,F,Shweta,NodeJs,Mumbai,Yatra
44,Chitraksh,M,Jasprit,Java,Mumbai,Happye
45,Mitra,M,Suhas,Data Engineering,Mumbai,Yatra
46,Damian,M,Vivek,DevOps,Bangalore,Capgemini
47,Dattatreya,M,Aniket,Java,Bangalore,Rupeek
48,Jui,F,Ashish,IOS,Bangalore,Happye
49,Chandraleksha,F,Jasprit,Java,Mumbai,Think Analytics
50,Ambar,M,Vivek,DevOps,Mumbai,Yatra
51,Rukmini,F,Dilip,NodeJs,Bangalore,Thought Works
52,Daruka,M,Dilip,Python,Mumbai,Hashtag Loyalty
53,Jyoti,M,Suhail,Java,Bangalore,Yatra
54,Aman,M,Dilip,Python,Mumbai,StreamMatrix
55,Anamitra,M,Dilip,Python,Mumbai,Happye
56,Kalpana,F,Jasprit,Java,Bangalore,EasyRewards
57,Shyama,F,Suhas,Machine Learning,Mumbai,Happye
58,Ajit,M,Ashish,IOS,Bangalore,Mphasis
59,Ruma,F,Ashish,IOS,Bangalore,StreamMatrix
60,Abhinav,M,Dilip,NodeJs,Mumbai,StreamMatrix
61,Jagadish,M,Ashish,IOS,Mumbai,Capgemini
62,Aghat,M,Suhail,DevOps,Mumbai,Yatra
63,Anantha,F,Suhas,Machine Learning,Bangalore,Yatra
64,Achalapati,M,Dilip,NodeJs,Bangalore,DemandMatrix
65,Aleem,M,Jasprit,Java,Bangalore,Happye
66,Inderjit,M,Suhas,Machine Learning,Mumbai,Yatra
67,Chanda,F,Suhas,Data Engineering,Bangalore,StreamMatrix
68,Mandeep,F,Suhas,Data Engineering,Mumbai,Mphasis
69,Amaanath,M,Shweta,NodeJs,Mumbai,StreamMatrix
70,Samiksha,F,Shweta,Java,Mumbai,StreamMatrix
71,Aakash,M,Sunil,Java,Bangalore,Hashtag Loyalty
72,Agniprava,M,Sunil,Java,Bangalore,Hashtag Loyalty
73,Abhimand,M,Sunil,Java,Bangalore,Capgemini
74,Adhira,F,Dilip,Python,Mumbai,StreamMatrix
75,Aandaleeb,M,Dilip,NodeJs,Bangalore,Hashtag Loyalty
76,Aditi,F,Sudhakar,Automation,Bangalore,Rupeek
77,Akul,M,Dilip,NodeJs,Bangalore,Happye
78,Sana,F,Shweta,NodeJs,Bangalore,SnapDeal
79,Swarna,M,Suhail,Java,Mumbai,Thought Works
80,Aadarsh,M,Aniket,Java,Mumbai,Happye
81,Akanksha,M,Shweta,NodeJs,Bangalore,Capgemini
82,Jagajeet,M,Dilip,NodeJs,Bangalore,Happye
83,Sampatti,F,Shweta,NodeJs,Mumbai,AppyHigh
84,Akhilesh,M,Vivek,DevOps,Bangalore,Capgemini
85,Rujuta,F,Dilip,NodeJs,Bangalore,Hashtag Loyalty
86,Chittesh,M,Dilip,NodeJs,Mumbai,Yatra
87,Darpak,M,Jasprit,Java,Bangalore,Happye
88,Agrima,F,Jasprit,Java,Mumbai,Capgemini
89,Abhrakasin,M,Dilip,NodeJs,Mumbai,StreamMatrix
90,Salima,F,Jasprit,Java,Bangalore,Think Analytics
91,Abhimoda,M,Shweta,Java,Bangalore,Happye
92,Aijaz,M,Shweta,NodeJs,Bangalore,Yatra
93,Chandrani,F,Sunil,Java,Bangalore,Capgemini
94,Ajith,M,Shweta,NodeJs,Bangalore,AppyHigh
95,Ananta,M,Suhas,Machine Learning,Bangalore,Mphasis
96,Juily,F,Sudhakar,Automation,Mumbai,Yatra
97,Jagat,M,Aniket,Java,Mumbai,Happye
98,Adhipa,M,Jasprit,Java,Mumbai,StreamMatrix
99,Dwijendra,M,Ashish,IOS,Mumbai,Thought Works
100,Chitral,M,Jasprit,Java,Mumbai,Think Analytics
101,Jyotibala,F,Dilip,Python,Mumbai,Happye
102,Amin,M,Aniket,Java,Bangalore,Think Analytics
103,Chandrakanta,F,Sunil,Java,Bangalore,Yatra
104,Aalok,M,Sunil,Java,Bangalore,StreamMatrix
105,Sampada,F,Dilip,NodeJs,Mumbai,Rupeek
106,Jag,M,Dilip,NodeJs,Mumbai,Happye
107,Aahlaad,M,Shweta,NodeJs,Mumbai,Mphasis
108,Acaryatanaya,M,Dilip,Python,Bangalore,Yatra
109,Swapna,F,Suhas,Machine Learning,Bangalore,DemandMatrix
110,Jowaki,F,Dilip,Python,Mumbai,Yatra
111,Devak,F,Dilip,Python,Mumbai,Hashtag Loyalty
112,Rupashi,F,Dilip,NodeJs,Mumbai,Thought Works
113,Rupinder,F,Sudhakar,Automation,Mumbai,Yatra
114,Aalam,M,Vivek,DevOps,Mumbai,SnapDeal
115,Rupa,F,Dilip,NodeJs,Mumbai,StreamMatrix
116,Amod,M,Jasprit,Java,Mumbai,Niyo Solutions
117,Amal,M,Shweta,Java,Mumbai,StreamMatrix
118,Anadi,M,Ashish,IOS,Bangalore,Happye
119,Aadinath,M,Vivek,DevOps,Bangalore,Think Analytics
120,Jagajeevan,M,Dilip,NodeJs,Bangalore,Rupeek
121,Charita,F,Jasprit,Java,Bangalore,Capgemini
122,Ajmal,M,Dilip,NodeJs,Mumbai,DemandMatrix
123,Jaya,M,Suhas,Machine Learning,Mumbai,Niyo Solutions
124,Devyani,F,Dilip,NodeJs,Bangalore,Mphasis
125,Aaditey,M,Vivek,DevOps,Bangalore,Happye
126,Abhilasha,F,Shweta,Java,Mumbai,StreamMatrix
127,Alok,M,Vivek,DevOps,Mumbai,Yatra
128,Aahwaanith,M,Dilip,NodeJs,Bangalore,Hashtag Loyalty
129,Abhibhava,M,Jasprit,Java,Mumbai,Hashtag Loyalty
130,Agharna,M,Dilip,NodeJs,Bangalore,Capgemini
131,Abhayananda,M,Aniket,Java,Mumbai,StreamMatrix
132,Amitrasudan,M,Aniket,Java,Bangalore,Happye
133,Jagadbandu,M,Ashish,IOS,Bangalore,Yatra
134,Joshita,F,Jasprit,Java,Bangalore,Happye
135,Irshaad,M,Shweta,Java,Bangalore,Happye
136,Dasharath,M,Shweta,NodeJs,Bangalore,SnapDeal
137,Dwijaraj,M,Ashish,IOS,Mumbai,Hashtag Loyalty
138,Sampriti,F,Ashish,IOS,Bangalore,Yatra
139,Devaki,F,Ashish,IOS,Bangalore,BridgeIT
140,Aatish,M,Sunil,Java,Mumbai,Capgemini
141,Achanda,M,Dilip,NodeJs,Mumbai,Yatra
142,Indulal,M,Jasprit,Java,Mumbai,Thought Works
143,Alamgir,M,Dilip,Python,Mumbai,Happye
144,Jyotirmoyee,F,Aniket,Java,Bangalore,StreamMatrix
145,Sajala,F,Vivek,DevOps,Bangalore,Niyo Solutions
146,Agnimukha,M,Shweta,Java,Bangalore,StreamMatrix
147,Abhay,M,Shweta,Java,Mumbai,Happye
148,Adarsh,F,Aniket,Java,Mumbai,StreamMatrix
149,Agrim,M,Shweta,Java,Bangalore,Thought Works
150,Rukma,F,Aniket,Java,Bangalore,StreamMatrix
151,Ali,M,Sudhakar,Automation,Bangalore,Mphasis
152,Sadgati,F,Dilip,Python,Bangalore,Yatra
153,Aftab,M,Dilip,NodeJs,Mumbai,StreamMatrix
154,Vijaya,M,Suhail,Java,Bangalore,Happye
155,Deepika,F,Vivek,DevOps,Bangalore,Happye
156,Jaganmay,M,Aniket,Java,Mumbai,StreamMatrix
157,Juvina,F,Sudhakar,Automation,Bangalore,Happye
158,Abhinanda,M,Sunil,Java,Bangalore,Happye
159,Aditeya,M,Dilip,NodeJs,Mumbai,SnapDeal
160,Salma,F,Ashish,IOS,Mumbai,BridgeIT
161,Charu,F,Shweta,Java,Bangalore,Yatra
162,Kalanidhi,F,Dilip,NodeJs,Mumbai,Capgemini
163,Achyuta,M,Vivek,DevOps,Bangalore,StreamMatrix
164,Adhik,M,Vivek,DevOps,Bangalore,Mphasis
165,Aabher,M,Ashish,IOS,Bangalore,StreamMatrix
166,Akshat,M,Aniket,Java,Mumbai,Happye
167,Akil,M,Shweta,NodeJs,Bangalore,Mphasis
168,Sanchaya,F,Sunil,Java,Bangalore,Happye
169,Sakshi,F,Dilip,Python,Mumbai,StreamMatrix
170,Ratna,F,Suhas,Machine Learning,Mumbai,EasyRewards
171,Jagadeep,M,Sunil,Java,Mumbai,StreamMatrix
172,Chandrika,F,Jasprit,Java,Bangalore,Niyo Solutions
173,Devahuti,F,Jasprit,Java,Mumbai,Niyo Solutions
174,Amalendu,M,Aniket,Java,Mumbai,Hashtag Loyalty
175,Dabeet,M,Ashish,IOS,Bangalore,Rupeek
176,Abhaya,F,Suhail,DevOps,Bangalore,Niyo Solutions
177,Abhi,M,Suhail,DevOps,Mumbai,Mphasis
178,Duleep,M,Ashish,IOS,Mumbai,StreamMatrix
179,Kajjali,F,Jasprit,Java,Bangalore,Hashtag Loyalty
180,Sagarika,F,Jasprit,Java,Bangalore,Mphasis
181,Chapala,F,Aniket,Java,Mumbai,Niyo Solutions
182,Amogh,M,Vivek,DevOps,Bangalore,BridgeIT
183,Dakshesh,M,Jasprit,Java,Mumbai,Think Analytics
184,Lalita,F,Suhas,Data Engineering,Bangalore,DemandMatrix
185,Saheli,F,Dilip,NodeJs,Bangalore,Yatra
186,Abhinabhas,M,Sunil,Java,Bangalore,Hashtag Loyalty
187,Ambarish,M,Aniket,Java,Bangalore,Happye
188,Samhita,F,Suhail,DevOps,Mumbai,Happye
189,Ekanga,M,Suhas,Data Engineering,Bangalore,Happye
190,Abhimanyusuta,M,Suhail,DevOps,Mumbai,Happye
191,Sachi,F,Shweta,Java,Bangalore,DemandMatrix
192,Sandhya,F,Shweta,Java,Mumbai,Yatra
193,Adityanandana,M,Dilip,NodeJs,Mumbai,Thought Works
194,Madhur,M,Suhail,Java,Mumbai,Mphasis
195,Amitesh,M,Dilip,NodeJs,Mumbai,Happye
196,Sahana,F,Dilip,NodeJs,Mumbai,Yatra
197,Akram,M,Dilip,Python,Bangalore,Hashtag Loyalty
198,Amiya,M,Sudhakar,Automation,Bangalore,Mphasis
199,Aalap,M,Sudhakar,Automation,Bangalore,DemandMatrix
200,Samit,F,Vivek,DevOps,Mumbai,Niyo Solutions
201,Abhijaya,M,Dilip,Python,Mumbai,Yatra
202,Bala,F,Suhas,Data Engineering,Bangalore,Niyo Solutions
203,Abhichandra,M,Dilip,Python,Bangalore,Capgemini
204,Arya,M,Suhas,Machine Learning,Mumbai,Happye
205,Akmal,M,Aniket,Java,Bangalore,Yatra
206,Abhilash,M,Aniket,Java,Bangalore,Mphasis
207,Roshan,M,Suhail,Java,Bangalore,SnapDeal
208,Dharini,F,Ashish,IOS,Mumbai,Happye
209,Chitrarath,M,Shweta,Java,Mumbai,StreamMatrix
210,Ekalavya,M,Ashish,IOS,Mumbai,BridgeIT
211,Sangita,F,Sunil,Java,Bangalore,Happye
212,Akbar,M,Shweta,NodeJs,Mumbai,DemandMatrix
213,Adrika,F,Vivek,DevOps,Mumbai,Mphasis
214,Dhara,F,Ashish,IOS,Mumbai,Hashtag Loyalty
215,Adripathi,M,Aniket,Java,Mumbai,DemandMatrix
216,Sachita,F,Vivek,DevOps,Bangalore,SnapDeal
217,Chandrima,F,Shweta,Java,Mumbai,StreamMatrix
218,Chandra,M,Suhas,Machine Learning,Bangalore,StreamMatrix
219,Dhanishta,F,Sunil,Java,Bangalore,Thought Works
220,Charumati,F,Dilip,Python,Bangalore,Yatra
221,Saniya,F,Jasprit,Java,Bangalore,Mphasis
222,Achindra,M,Vivek,DevOps,Mumbai,Happye
223,Charulekha,F,Dilip,NodeJs,Bangalore,Yatra
224,Aabharan,M,Shweta,NodeJs,Bangalore,Capgemini
225,Acharyanandana,M,Jasprit,Java,Mumbai,Capgemini
226,Alam,M,Jasprit,Java,Mumbai,Think Analytics
227,Adikavi,M,Sunil,Java,Bangalore,StreamMatrix
228,Abhisyanta,M,Shweta,Java,Mumbai,SnapDeal
229,Ajay,M,Vivek,DevOps,Bangalore,Happye
230,Iqbal,M,Vivek,DevOps,Bangalore,Capgemini
231,Duranjaya,M,Ashish,IOS,Bangalore,AppyHigh
232,Aboil,F,Ashish,IOS,Bangalore,Capgemini
233,Dhanya,F,Suhail,DevOps,Bangalore,Thought Works
234,Damodar,M,Dilip,Python,Mumbai,Yatra
235,Mohana,F,Suhas,Machine Learning,Bangalore,Capgemini
236,Sania,F,Dilip,NodeJs,Mumbai,Happye
237,Amlan,M,Aniket,Java,Bangalore,StreamMatrix
238,Jagjeevan,M,Jasprit,Java,Mumbai,Niyo Solutions
239,Ajeet,M,Vivek,DevOps,Bangalore,StreamMatrix
240,Chitrabhanu,M,Dilip,NodeJs,Mumbai,Yatra
241,Amolik,M,Jasprit,Java,Mumbai,Happye
242,Abhidi,M,Sudhakar,Automation,Mumbai,Capgemini
243,Neelam,F,Suhas,Machine Learning,Mumbai,Happye
244,Agnikumara,M,Jasprit,Java,Mumbai,Happye
245,Jaswinder,M,Suhas,Machine Learning,Bangalore,Yatra
246,Dhanyata,F,Dilip,Python,Bangalore,EasyRewards
247,Adityavardhana,M,Jasprit,Java,Bangalore,Capgemini
248,Ravinder,M,Suhail,Java,Mumbai,DemandMatrix
249,Charulata,F,Sunil,Java,Mumbai,Yatra
250,Sanjana,F,Jasprit,Java,Mumbai,Capgemini
251,Adhita,M,Aniket,Java,Bangalore,Think Analytics
252,Amartya,M,Dilip,Python,Bangalore,Yatra
253,Sakhi,F,Dilip,Python,Bangalore,Think Analytics
254,Ahladita,F,Jasprit,Java,Mumbai,Niyo Solutions
255,Dhanashri,F,Dilip,NodeJs,Bangalore,Yatra
256,Kamakshi,F,Ashish,IOS,Mumbai,Yatra
257,Ekalinga,M,Ashish,IOS,Bangalore,Mphasis
258,Akash,M,Dilip,Python,Mumbai,Yatra
259,Saguna,F,Jasprit,Java,Mumbai,Capgemini
260,Abhinava,M,Jasprit,Java,Mumbai,Rupeek
261,Chittaswarup,M,Dilip,NodeJs,Mumbai,Think Analytics
262,Agriya,M,Jasprit,Java,Mumbai,Happye
263,Sanchita,F,Jasprit,Java,Mumbai,Capgemini
264,Abhyudita,M,Vivek,DevOps,Bangalore,Happye
265,Akhil,M,Aniket,Java,Mumbai,Yatra
266,Amil,M,Shweta,NodeJs,Bangalore,Thought Works
267,Ameya,M,Sudhakar,Automation,Bangalore,StreamMatrix
268,Sajni,F,Aniket,Java,Bangalore,Niyo Solutions
269,Chandralekha,F,Dilip,NodeJs,Mumbai,Happye
270,Samidha,F,Dilip,Python,Bangalore,Happye
271,Ahsan,M,Dilip,NodeJs,Mumbai,Happye
272,Changuna,F,Jasprit,Java,Mumbai,Rupeek
273,Kamala,F,Suhas,Machine Learning,Bangalore,StreamMatrix
274,Dayaram,M,Sudhakar,Automation,Mumbai,Yatra
275,Ekambar,M,Ashish,IOS,Bangalore,DemandMatrix
276,Amber,M,Dilip,NodeJs,Mumbai,Capgemini
277,Kallol,F,Sunil,Java,Mumbai,Mphasis
278,Aabheer,M,Sudhakar,Automation,Mumbai,Capgemini
279,Acharya,M,Dilip,NodeJs,Bangalore,Niyo Solutions
280,Akshath,M,Suhail,DevOps,Bangalore,StreamMatrix
281,Akshan,M,Vivek,DevOps,Bangalore,Happye
282,Sadhana,F,Jasprit,Java,Bangalore,SnapDeal
283,Jagmohan,M,Aniket,Java,Bangalore,DemandMatrix
284,Agrata,F,Dilip,Python,Mumbai,Yatra
285,Sanchali,F,Sunil,Java,Mumbai,Thought Works
286,Acharyasuta,M,Dilip,NodeJs,Bangalore,AppyHigh
287,Dushyanta,M,Ashish,IOS,Bangalore,StreamMatrix
288,Indukanta,M,Dilip,NodeJs,Mumbai,Happye
289,Salena,F,Aniket,Java,Bangalore,Yatra
290,Jagannath,M,Jasprit,Java,Bangalore,Happye
291,Chudamani,M,Ashish,IOS,Mumbai,Niyo Solutions
292,Juhi,F,Dilip,Python,Mumbai,Capgemini
293,Abhijvala,M,Sudhakar,Automation,Bangalore,Niyo Solutions
294,Ambuj,M,Vivek,DevOps,Bangalore,Happye
295,Aditya,M,Vivek,DevOps,Bangalore,Capgemini
296,Deeptimoyee,F,Dilip,Python,Bangalore,Niyo Solutions
297,Eshwar,M,Suhas,Data Engineering,Mumbai,StreamMatrix
298,Dayanand,M,Vivek,DevOps,Bangalore,BridgeIT
299,Gulshan,M,Suhas,Machine Learning,Bangalore,StreamMatrix
300,Sadguna,F,Jasprit,Java,Mumbai,Happye
301,Achyut,M,Aniket,Java,Bangalore,Yatra
302,Chirayu,M,Dilip,Python,Mumbai,Capgemini
303,Agni,M,Vivek,DevOps,Bangalore,Thought Works
304,Durjaya,M,Ashish,IOS,Mumbai,AppyHigh
305,Isar,M,Dilip,Python,Bangalore,Yatra
306,Kajal,F,Sudhakar,Automation,Bangalore,Hashtag Loyalty
307,Abhishek,M,Shweta,NodeJs,Mumbai,Mphasis
308,Sushila,F,Suhas,Machine Learning,Mumbai,Happye
309,Rudrani,F,Dilip,NodeJs,Mumbai,Happye
310,Sameena,F,Aniket,Java,Bangalore,Happye
311,Ishwar,M,Shweta,Java,Bangalore,Yatra
312,Amar,M,Shweta,NodeJs,Bangalore,Happye
313,Samita,F,Sunil,Java,Bangalore,Think Analytics
314,Alhad,M,Shweta,NodeJs,Bangalore,StreamMatrix
315,Aafreen,M,Sunil,Java,Mumbai,Capgemini
316,Ruchira,F,Sunil,Java,Bangalore,Happye
317,Agneya,M,Suhail,DevOps,Bangalore,Rupeek
318,Aaditya,M,Sunil,Java,Mumbai,Mphasis
319,Jyotsna,F,Ashish,IOS,Bangalore,Capgemini
320,Achalendra,M,Suhail,DevOps,Mumbai,Happye
321,Izhar,M,Dilip,NodeJs,Mumbai,Yatra
322,Jyothi,F,Jasprit,Java,Mumbai,Yatra
323,Daman,M,Shweta,NodeJs,Bangalore,StreamMatrix
324,Ekanath,M,Ashish,IOS,Bangalore,Thought Works
325,Rupali,F,Shweta,NodeJs,Mumbai,Happye
326,Adway,M,Aniket,Java,Mumbai,Thought Works
327,Achintya,M,Dilip,NodeJs,Bangalore,Niyo Solutions
328,Ammar,M,Jasprit,Java,Mumbai,Mphasis
329,Kalpita,F,Aniket,Java,Bangalore,Think Analytics
330,Ajitesh,M,Aniket,Java,Bangalore,Hashtag Loyalty
331,Akshit,M,Aniket,Java,Mumbai,Happye
332,Nitya,M,Suhail,Java,Bangalore,Thought Works
333,Akshay,M,Sudhakar,Automation,Bangalore,Happye
334,Kali,F,Ashish,IOS,Bangalore,Think Analytics
335,Abhinandana,M,Sunil,Java,Mumbai,Happye
336,Abhihita,M,Jasprit,Java,Bangalore,Yatra
337,Sakina,F,Shweta,Java,Mumbai,Think Analytics
338,Amalesh,M,Dilip,NodeJs,Bangalore,Happye
339,Aafreen,F,Jasprit,Java,Mumbai,Thought Works
340,Abhijit,M,Ashish,IOS,Mumbai,Yatra
341,Sadhan,F,Vivek,DevOps,Mumbai,Mphasis
342,Adarsh,M,Aniket,Java,Bangalore,Hashtag Loyalty
343,Achyutaraya,M,Sunil,Java,Bangalore,Mphasis
344,Aadi,M,Ashish,IOS,Bangalore,Happye
345,Damodara,M,Shweta,Java,Mumbai,Capgemini
346,Agasti,M,Jasprit,Java,Bangalore,Yatra
347,Chittaranjan,M,Sunil,Java,Mumbai,Niyo Solutions
348,Ahalya,F,Ashish,IOS,Mumbai,Happye
349,Adesh,M,Shweta,Java,Bangalore,Thought Works
350,Aakar,M,Dilip,NodeJs,Mumbai,Mphasis
351,Adwaita,M,Jasprit,Java,Mumbai,Think Analytics
352,Achal,M,Dilip,Python,Bangalore,Happye
353,Adishree,F,Sudhakar,Automation,Bangalore,Think Analytics
354,Sandhaya,F,Ashish,IOS,Bangalore,Happye
355,Abha,F,Dilip,Python,Mumbai,Hashtag Loyalty
356,Abjayoni,M,Jasprit,Java,Bangalore,Mphasis
357,Abhimanyu,M,Vivek,DevOps,Mumbai,StreamMatrix
358,Sai,F,Jasprit,Java,Bangalore,Niyo Solutions
359,Ajamil,M,Ashish,IOS,Mumbai,AppyHigh
360,Indushekhar,M,Ashish,IOS,Bangalore,StreamMatrix
361,Jyothi,F,Suhas,Data Engineering,Mumbai,Capgemini
362,Dharani,F,Sudhakar,Automation,Bangalore,DemandMatrix
363,Abhimani,M,Dilip,Python,Mumbai,Happye
364,Abhijat,M,Dilip,NodeJs,Mumbai,Hashtag Loyalty
365,Abheek,M,Sunil,Java,Mumbai,Yatra
366,Jyotsana,F,Jasprit,Java,Mumbai,Niyo Solutions
367,Nilam,M,Suhail,Java,Bangalore,Happye
368,Ekram,M,Suhas,Data Engineering,Bangalore,StreamMatrix
369,Aghanashini,F,Shweta,Java,Mumbai,DemandMatrix
370,Jagjit,M,Dilip,NodeJs,Mumbai,Yatra
371,Irfan,M,Shweta,NodeJs,Mumbai,AppyHigh
372,Amitava,M,Suhail,DevOps,Bangalore,Hashtag Loyalty
373,Amitiyoti,M,Dilip,NodeJs,Bangalore,EasyRewards
374,Kamala,F,Vivek,DevOps,Bangalore,Mphasis
375,Darpan,M,Sudhakar,Automation,Mumbai,SnapDeal
376,Abhra,M,Aniket,Java,Mumbai,Happye
377,Achalesvara,M,Dilip,Python,Bangalore,SnapDeal
378,Dharitri,F,Shweta,Java,Bangalore,Yatra
379,Madhu,M,Suhail,Java,Mumbai,Mphasis
380,Durai,M,Ashish,IOS,Mumbai,Yatra
381,Sahila,F,Shweta,NodeJs,Mumbai,Thought Works
382,Aabha,M,Suhail,DevOps,Mumbai,Happye
383,Aiman,M,Jasprit,Java,Bangalore,Think Analytics
384,Padma,F,Suhas,Machine Learning,Mumbai,StreamMatrix
385,Aahlaadith,M,Sunil,Java,Mumbai,Capgemini
386,Jagdish,M,Jasprit,Java,Bangalore,Capgemini
387,Abani,F,Dilip,Python,Mumbai,StreamMatrix
388,Aadesh,M,Aniket,Java,Mumbai,AppyHigh
389,Akshar,M,Suhail,DevOps,Mumbai,AppyHigh
390,Aaarti,F,Shweta,NodeJs,Bangalore,Happye
391,Agha,M,Jasprit,Java,Mumbai,Happye
392,Aadhunik,M,Vivek,DevOps,Mumbai,Happye
393,Alagarasu,M,Sunil,Java,Mumbai,StreamMatrix
394,Nithya,M,Suhail,Java,Bangalore,Capgemini
395,Adinath,M,Aniket,Java,Bangalore,Niyo Solutions
396,Charuprabha,F,Aniket,Java,Bangalore,Yatra
397,Kalindi,F,Sunil,Java,Bangalore,Capgemini
398,Kiran,M,Suhail,Java,Mumbai,StreamMatrix
399,Jagadhidh,M,Aniket,Java,Bangalore,Mphasis
400,Eknath,M,Suhas,Data Engineering,Bangalore,Happye
401,Inesh,M,Jasprit,Java,Mumbai,Happye
402,Aadhishankar,M,Vivek,DevOps,Mumbai,Happye
403,Sadaf,F,Jasprit,Java,Mumbai,Capgemini
404,Faiyaz,M,Suhas,Data Engineering,Bangalore,BridgeIT
405,Shashi,M,Suhail,Java,Mumbai,SnapDeal
406,Amulya,M,Vivek,DevOps,Bangalore,Thought Works
407,Kalyani,F,Vivek,DevOps,Mumbai,StreamMatrix
408,Chitrasen,M,Aniket,Java,Bangalore,Happye
409,Abhinatha,M,Ashish,IOS,Mumbai,StreamMatrix
410,Ahsan,F,Sunil,Java,Bangalore,DemandMatrix
411,Samata,F,Shweta,Java,Mumbai,Think Analytics
412,Ainesh,M,Dilip,NodeJs,Mumbai,Yatra
413,Amitbikram,M,Vivek,DevOps,Mumbai,Happye
414,Amish,M,Vivek,DevOps,Mumbai,AppyHigh
415,Abhyudaya,M,Dilip,NodeJs,Bangalore,Happye
416,Achala,F,Suhail,DevOps,Bangalore,Capgemini
417,Aloke,M,Aniket,Java,Mumbai,Happye
418,Amol,M,Suhail,DevOps,Bangalore,StreamMatrix
419,Devi,F,Dilip,Python,Mumbai,EasyRewards
420,Kaishori,F,Ashish,IOS,Mumbai,StreamMatrix
421,Rudrapriya,F,Dilip,NodeJs,Bangalore,DemandMatrix
422,Abjit,M,Dilip,Python,Bangalore,Rupeek
423,Chandrakin,F,Jasprit,Java,Bangalore,StreamMatrix
424,Ruksana,F,Vivek,DevOps,Mumbai,DemandMatrix
425,Sahiba,F,Aniket,Java,Mumbai,Capgemini
426,Deepta,F,Dilip,NodeJs,Mumbai,Mphasis
427,Deepti,F,Jasprit,Java,Mumbai,Capgemini
428,Kakali,F,Aniket,Java,Bangalore,Think Analytics
429,Amit,M,Sunil,Java,Mumbai,Yatra
430,Abhayaprada,M,Jasprit,Java,Bangalore,DemandMatrix
431,Amitabh,M,Aniket,Java,Bangalore,Niyo Solutions
432,Sashi,M,Suhail,Java,Bangalore,Mphasis
433,Sadhvi,F,Sunil,Java,Mumbai,Hashtag Loyalty
434,Ajitabh,M,Vivek,DevOps,Bangalore,StreamMatrix
435,Faiz,M,Suhas,Data Engineering,Bangalore,DemandMatrix
436,Darshan,M,Dilip,NodeJs,Bangalore,Happye
437,Abhisoka,M,Vivek,DevOps,Bangalore,Yatra
438,Aakanksh,M,Dilip,NodeJs,Bangalore,Niyo Solutions
439,Isha,M,Shweta,Java,Mumbai,StreamMatrix
440,Ishrat,M,Aniket,Java,Mumbai,AppyHigh
441,Chittaprasad,M,Suhail,DevOps,Bangalore,Yatra
442,Sadhika,F,Sunil,Java,Bangalore,Happye
443,Safia,F,Sunil,Java,Bangalore,StreamMatrix
444,Kadambini,F,Dilip,Python,Mumbai,Happye
445,Chandraki,F,Aniket,Java,Mumbai,DemandMatrix
446,Jyotika,F,Dilip,NodeJs,Mumbai,StreamMatrix
447,Ajendra,M,Aniket,Java,Bangalore,Think Analytics
